,댓글,작성자id,작성자,작성날짜,score,score_label
1,삼형제  보고싶어요얼마 나  것을가요  근황이궁금해요,UC13GXMrHwMOqOuLsy8ZCyxg,김순희,2021-11-25T04:33:48Z,3,1
2,누가젤 귀여운지 고르지도 못함 셋다 넘이뿌고 귀여운걸,UCzzBucfUbV8FjY71JxY-oEQ,오구♥️ (ogu♥️),2021-11-18T07:27:21Z,5,1
4,난마트가면 자동차랑카트가같이있어서 자동차 타면서 우리엄마가 장봤음,UCV6SpXcD94hEbOO-vsmFllw,냥냥이,2021-11-04T12:40:59Z,1,1
5,대한민국만세 귀여워,UC13j-YzugrK2ZCawE6rTaHQ,벚꽃♡♡,2021-10-10T02:42:26Z,2,1
6,홍준표 의윈완전히술술풀립니다,UCmxkBDkuTo6rX2IDIN_gBQQ,기.,2021-09-28T09:24:35Z,0,0
7,잘먹고 체력좋고 힘센 아빠가 육아에 적극적이라 다행이다 아들셋이 한꺼번에유모차 미는 것도 힘들어보임,UC8vkmAc4STPKhMt8fiKehgg,Peach,2021-09-25T00:19:54Z,3,1
8,진짜 슈돌은 삼둥이 때가 최고였지 삼둥이 이후로는 눈만 높아져서 웬만한 귀요미로는 승에 안참,UClr6YI3lbRasRnDHnpQfPGg,하하똥,2021-09-11T00:14:24Z,2,1
9,진짜너모너모너모너무너무너어어어어무 귀여워,UCFUdAAXRowa9WnFd02GBv4Q,김초초,2021-09-09T05:52:03Z,2,1
10,만세 백퍼  ,UCaNr0hDGxrM08REFWpPLDpw,Lara,2021-08-13T08:08:42Z,0,0
11,민국에너무귀여워,UCXpZ6ILrOIcwcC9rdqNPJ4g,옥수쵸,2021-08-12T04:41:33Z,2,1
12,삼둥아 보고싶었데이,UCMj64fGlwntFVQssWlHgGOA,이서윤,2021-08-11T00:46:39Z,1,1
13,진짜 삼둥이 처음에 딱 나왔을때 완전 신선한 충격이었는데 ,UCt2liIMqAVMCDhw09B3FDCg,김재은,2021-08-10T15:31:39Z,1,1
14,삼둥이는 밥도 편식 안 하고 골고루 잘 먹네 니들이 나보다 낫다 ,UCBmpqMdJn4L43xAd8VTnukg,잓삼,2021-08-07T04:15:14Z,1,1
15,사랑스런 삼둥이들그때가 너무 그립다주말에 슈돌  삼둥이 보는낙에 살았는데  너무    빨리 자랐어,UCE22fgrbfaWihxRl5WcU2Vg,김정옥,2021-07-23T16:20:29Z,4,1
16,  뭐야 나 설렜어 ,UCBaU8rF8TYdxqS6gM5U8mmQ,만떼야,2021-07-19T06:20:44Z,0,0
18,만세만 울어밍구이대한이 어른스럽네 형이라고 ,UC7vteFdtdq_ojRn0pCUE_oA,사랑하개,2021-07-18T14:42:56Z,0,0
20,민국이가확실이다르네요제일밝으네요,UCK6hNt4A0VRtQ2iX7lkhbTA,김연화,2021-07-08T08:00:57Z,0,0
22,엄마연승연우눌디여보잘고,UCFi0QmuYEKNDqIXy92cf3wg,임민정,2021-06-29T14:45:49Z,0,0
23,혼일이체,UCFi0QmuYEKNDqIXy92cf3wg,임민정,2021-06-29T14:47:48Z,0,0
24,메롱뮤서워,UCFi0QmuYEKNDqIXy92cf3wg,임민정,2021-06-29T14:47:35Z,0,0
25,동화책이다벌짹어토끼당근폴이깜짝아치나짝,UCFi0QmuYEKNDqIXy92cf3wg,임민정,2021-06-29T14:47:09Z,-1,-1
26,엄마엄마어한테잘고으쓱으쓱,UCFi0QmuYEKNDqIXy92cf3wg,임민정,2021-06-29T14:45:04Z,0,0
27,두부트이세,UCFi0QmuYEKNDqIXy92cf3wg,임민정,2021-06-29T14:43:55Z,0,0
28,우악,UCFi0QmuYEKNDqIXy92cf3wg,임민정,2021-06-29T14:43:43Z,0,0
29,조용히,UCFi0QmuYEKNDqIXy92cf3wg,임민정,2021-06-29T14:43:32Z,0,0
30,아니라는것자,UCFi0QmuYEKNDqIXy92cf3wg,임민정,2021-06-29T14:43:18Z,0,0
31,주목을문희연선생님문희연선생님문희연선생님쟈럭먹을,UCFi0QmuYEKNDqIXy92cf3wg,임민정,2021-06-29T14:42:55Z,0,0
32,응게이렇게가렇세,UCFi0QmuYEKNDqIXy92cf3wg,임민정,2021-06-29T14:42:14Z,0,0
33,조금만다녀올개,UCFi0QmuYEKNDqIXy92cf3wg,임민정,2021-06-29T14:42:02Z,0,0
34,만세,UCFi0QmuYEKNDqIXy92cf3wg,임민정,2021-06-29T14:41:44Z,0,0
35,아이컷터블러기,UCFi0QmuYEKNDqIXy92cf3wg,임민정,2021-06-29T14:41:25Z,0,0
36,하는선생님문희연선생님한번,UCFi0QmuYEKNDqIXy92cf3wg,임민정,2021-06-29T14:40:43Z,0,0
37,아올가놀던안돼,UCFi0QmuYEKNDqIXy92cf3wg,임민정,2021-06-29T14:40:11Z,0,0
38,그렇다면놀대래가뜡땅안돼으샤으샤화이팅힘내세요화이팅시간가는조금이라도완전거부더놀아터숨이문세의내마음대로할수없는문희연선생님문희연선생님문희연선생님문희연선생님양진빈양수빈엄마한테부르는,UCFi0QmuYEKNDqIXy92cf3wg,임민정,2021-06-29T14:39:42Z,2,1
39,자이제가자,UCFi0QmuYEKNDqIXy92cf3wg,임민정,2021-06-29T14:37:23Z,0,0
40,차에탑승,UCFi0QmuYEKNDqIXy92cf3wg,임민정,2021-06-29T14:37:12Z,0,0
42,  수레랑 모자랑 깔맞춤 ,UCn5W-prVNC4lbmLmSqNTsDQ,butter,2021-06-06T08:23:49Z,0,0
43,대한민국만세부모님최고휼욜합니다역사의자손이라역시대한민국만세임니다,UCdYAaXDq_hHdnQwUc0vT9TA,최Sh,2021-05-16T09:14:12Z,1,1
44,송일국아빠가 아주머니 핸드폰 깔고앉음분,UCjWYSZS1utb8Ye9l_6I9Low,성호 박,2021-05-11T09:28:38Z,0,0
45,지금 보면 저때 유모차 두 대 끌고 횡단보도 건넌 송아빠가 대단함,UCU3dPlUhYucqnyyW5n1HFig,달달진굥,2021-04-27T13:17:08Z,1,1
46,송일국씨 존경합니다,UCrAlM8Ya4xJtHxXtjy-VAAw,정원우,2021-04-23T23:18:48Z,1,1
47,                너무귀여워요,UCtUX3VzXHx5FWzvkYgdK24A,이상훈,2021-04-15T14:40:32Z,3,1
49,삼둥이보면 결혼해서 이쁜둥이들 나코싶다,UCOOa7xQcHVSirmvBbfnmffQ,MINI,2021-04-07T22:10:54Z,1,1
50, 으 헤헤 쉬바,UCAKgSBZaU9u8iwyCh5J673A,죠랄왕,2021-03-16T08:00:14Z,1,1
52,귀여워,UC9sMRc0QwKiXDgUv3urrjvw,윤디티비,2021-02-28T23:45:43Z,2,1
54,  삼란성,UCVZ79TXNhU77kQvfnhWaziA,조민아,2021-01-06T03:18:41Z,0,0
55,와 하루종일 놀아주는데도 안지치는 삼둥이 체력,UCQLnsYDgpLBTPls-6jCfZtA,시뻘건사춘기,2021-01-02T18:19:03Z,0,0
56,  만세 성격 나온다 아 웃겨,UCdU39ZiLGfgn0-0aBUb3CvQ,딩가,2020-12-30T14:15:27Z,1,1
57,대한민국 넘 귀엽고 사랑 스러워요아빠가 셋쌍둥이로 인해 행뵉한 고생이 많네요,UCY_Lf4hrZ9zyf-JZujqlu4Q,구복실,2020-12-29T14:34:54Z,4,1
58,웃긴데힘드셧겟다,UCKNuz5QJQ6yVpWfXaXSJoOA,피치,2020-12-29T00:55:28Z,2,1
59,고생많다,UCYyFVNbYQ18k7ts4G4oFNow,김나은,2020-12-19T00:56:26Z,1,1
61,잘생,UCiZneDEvYuU2nHb8jSo0Rbg,Suyeon Kim,2020-11-28T16:16:28Z,0,0
62,만세 빠방에서 내릴때 스을쩍 다가가서 잽싸게 문열고 빼내는거  비밀작전이야 뭐야 ,UCHdfS7SxRhTpiKLUlggKFBA,YJ,2020-10-28T04:19:59Z,0,0
64,최고의 다이어트 프로그램 ,UC_dRfcwlPg9ql-IWfV8r4WA,박준근,2020-10-18T08:35:32Z,1,1
65,와중에   저 공원에 엑소 썬더 나오는거,UCruKr-pefBcCuNFTjJwS5Ug,엘겸즈니,2020-10-08T06:56:03Z,0,0
66,   엄마가 없어서,UCyXGg4gzMdLTQ-mwRnt9jrg,도도,2020-10-04T08:32:46Z,0,0
67,민국이 팔에 붕대 감고 있어,UCqTaBHDhF90QfGNcA7Ww3mg,조아인,2020-09-24T10:25:57Z,0,0
69,만세는차를진짜좋나봐,UCkYZx6-p4PqZFWs9sjxnaGA,김시경,2020-09-11T15:21:26Z,1,1
70,송아빤찐으로대단해,UCkYZx6-p4PqZFWs9sjxnaGA,김시경,2020-09-11T15:18:51Z,1,1
71,사과티비 볼려면 성인인증 해야하나요,UCV3ZKJ9FMg1vbUrT4A57Oig,Academic excellence by Jyoti Yadav,2020-09-06T07:38:11Z,0,0
72,내가아는 사과티비가 구글스토어에 있는 그 사과티비인가,UCTVMabghjyADXb2bAvHC-9Q,Reincel Bayani,2020-09-06T07:38:11Z,0,0
73,구글플레이스토어에 사과티비 검색하면 되는거지 맞는거지,UC_HnG9kQwOFI4scuXVepODw,I am Bored,2020-09-06T07:38:10Z,0,0
74,헬창들도 사과티비보면 근육 다빠진다며  사실임,UCmPxTRDrxuMCg5N9fluQHWQ,Jelihim Lbt,2020-09-06T07:38:10Z,0,0
75,사과티비 못봐서 잼민이 발정났누,UCzxMyWhfIaxvFcP4EeUwjkg,Ziad El,2020-09-06T07:38:10Z,-1,-1
76,사과티비 구글플레이스토어에서 보는거 맞냐고 십덕들아,UCN9sx_FEpDQy0sxM_8QUW4w,LORENZO. R_story.42,2020-09-06T07:38:10Z,0,0
77,이런유모차어디서분거같은대,UCMQaqO_9OAO3fei5w89SGcg,김재박,2020-08-30T11:41:05Z,0,0
78,지금봐도너무사랑스런대한민국만세지금은얼마나훌륭하게자랐을까,UC2vgcOZ6640B9vqIKEpdsxw,이보림,2020-08-25T14:35:14Z,2,1
79,아니 아무 이유도 없이 그냥 집에 가자 이러니까 애들이 울지 마땅한 이유면 좀 울어도 순순히 넘어간단 말이지근데 만세를 데리고 가는 자세는 잘못됐다다시한번 설명하고 안정을 시켜주는게 정상인데 말도없이 자동차가 뒤집히도록 흔들어서 아이 아프게 해가면서까지 꺼내는건 아니라고 본다 물론 난처한건 알지만 저것도 엄연히 고통이있다,UCwcT4K2UBCozP6SETycpIrA,현타장인,2020-08-24T12:22:32Z,-2,-1
80,민국이궈엽다,UCKux9es1WAJfbbIOTTMJzkA,딸랑이💜,2020-08-22T04:25:22Z,0,0
81,  대한이 대답  만세 대답  민국이 대답,UCWwAUMQ971NwPEt1SSnYDdA,Hagang하갱,2020-08-21T12:00:21Z,0,0
82,대하니 대답하자마자 내리려다 붙잡히는거,UCvFtIpYr1UMf7s1XbTBHN6w,예빈이,2021-10-29T02:48:22Z,0,0
83,  오또케삼둥이편은 보면 볼수록 큰꾸꾸가 젤 귀여운듯,UCO4YumbBZUHj3EBJkqgPJHw,gin oh,2020-08-21T01:37:33Z,3,1
84,진짜 너무 귀엽다 제일 귀여울때 영상으로 남겨놔서 좋을것 같아요 우리 조카 이만할때도 다시 보고싶다 ,UCvgqevj51x1CBJ-I3B22aag,신민아,2020-08-17T03:26:27Z,8,1
85,아내분이랑 송일국이랑 웃음소리 비슷해아내분 응 대한아이부분 너무 좋다,UCS8Rg9vqc3H5eG13djBmHlQ,서윰,2020-08-15T18:28:30Z,3,1
86,한명도 힘든데 진짜 세명그와중에 착한 대한이 이쁘다,UCZGqVyvfAdkigoOHa7MdzJA,탈출이,2020-08-15T06:57:36Z,1,1
88,만세가 차에 집착 하는데 송일국님 인터뷰에서 만세가 차를 좋아해서 그렇고 평소에는 그렇지 않는다라고 하시는 말씀 내용이 만세가 어린 아이라고 해도 좋아하는 것 좋아하니까 떨어지기 싫은 걸 이해 해주시는 말투 너무 좋다일반적으로는 아이를 탓하듯이 하 너 진짜 왜그러니하고 하너 진짜 모르겠다등등 이런 식으로 함마트만 가도 이런 식으로 말씀 하시는 부모님들 많음 아이를 때리는 부모님들도 있음 때린다고 그쳤으면 애 몸에 멍만 남을 듯,UCaY5NGUQfmDUrcTyN7g5_sw,우와,2020-08-08T23:48:47Z,1,1
89,아가들은 웃는게 제일 예뻐,UCpgOQ42wotVvuYnKGvukbPA,하연쑤,2020-08-08T17:31:18Z,3,1
90,만세가 차를 완전 좋아하는구나  누나가 나중에 차한번 테워주고싶네,UCF8wuRnvEm23IH9qGIR_zTw,김성민,2020-08-08T14:09:50Z,3,1
91,송일국 극호감,UCtd_NZ3M5Ws581scRrFNmIw,뽀둥이,2020-08-08T06:39:00Z,1,1
92,어제 세쌍둥이송 피아노학원에서  처음으로 대한민국 생각나서 피아노 선생님한테 세쌍둥이송 피아노 뽑아 달라고 해서 했는데 대한민국 팬이라서,UChTNENA2RnpjJMHqNEOXFgQ,소유나,2020-08-06T01:25:57Z,0,0
93,만세도,UChTNENA2RnpjJMHqNEOXFgQ,소유나,2020-09-15T02:22:07Z,0,0
94,에구 만세 뛰뛰 너무 좋아하네에구 만세 차를 너무 사랑하는 만세삼둥이 너무 귀엽다애기들이 의젓해 밥도 딱 앉아서 먹고교육을 잘 시킨다에구 예뻐,UCzg0upK30TUeC3960D5_WMw,개구리,2020-07-31T15:14:01Z,6,1
95,삼둥이들  보려고  일요일엔  저녁  약속도  안 잡고  본방사수 했었는데다시 봐도  힐링  안구 정화  대한 민국 만세  건강히 잘  자라거라,UC1hLXXBt9X88x5253ZKQCrQ,김은영,2020-07-30T06:03:59Z,3,1
96,애 태어나기 전에는 주위 상관없이 다녔는데 애 태어난 후 온통 아이들만 보임 그러다가 울 아이한테 어울리거나 좋아할만한거 발견하면 스스럼 없이 물어보게 되는 날 발견함,UCYEgJKydyQOiQ0Y7Ye1rdPg,S.H.S,2020-07-29T03:24:30Z,2,1
98,배우라 그런지 구연동화 잘 하신다,UCUvnK0qjzc_T3zEhbaftvlw,아아,2020-07-24T15:05:24Z,0,0
99,셋다 졸귀대한이는 멍때리거나 말걸거나 동생들 지시할때민국이는 얼굴이랑 에교만세는 짜증내면서 달릴때 그리고 울때웃을때,UC4qMYNiLvkuQ64tBWPpoL2g,Tiger의게임채널,2020-07-21T14:12:54Z,0,0
100,귀여워 진짜 너무 좋아,UCaOc0La66GQpGC6_dnDwdFw,박광준,2020-07-21T11:25:23Z,3,1
101,넘 귀엽대한민국만세보고십다 쌍둥이 는봐도 세쌍두미는처음,UCDIVP3KGt1Jwmkikoujee7Q,안녕하소율🤍,2020-07-20T13:19:05Z,1,1
102,세쌍둥이,UCDIVP3KGt1Jwmkikoujee7Q,안녕하소율🤍,2020-07-20T13:19:28Z,0,0
103,애기들 장난감에 설렌 표정 너무 귀엽,UCnA9Wn_zNzbmhLXyK8IsTSw,봉봉,2020-07-18T14:23:39Z,1,1
105,역시 송도의 성자 송일국존경합니다,UCgn5xPsNPDxP7DxvJhcOi5Q,고미숙,2020-07-08T22:47:42Z,1,1
106,송일국은 정말 대단하다,UCQBcgKAo-lp64gFPPHjeMPw,보리아빠,2020-07-06T08:29:55Z,2,1
108,유모차 개 상상이 안된다 아빠니까 하는 듯 ,UC3nHO_TLucrDNqhmAUmLSmA,뿌김,2020-06-29T23:06:11Z,0,0
109,우리 민국이 너무 기여엉,UCZQwAGNJNqh2UhRRvfH5CCA,염생2,2020-06-28T15:42:26Z,1,1
111,굣앨로,UC2yeRzjy4JaPLykIQu2WlYA,박혜란,2020-06-28T07:11:02Z,0,0
112,뱀이다요갈호,UC2yeRzjy4JaPLykIQu2WlYA,박혜란,2020-06-28T07:10:17Z,0,0
113,쇼홀얏롷소,UC2yeRzjy4JaPLykIQu2WlYA,박혜란,2020-06-28T07:09:13Z,0,0
114,쇽욕돟욧걓롷옿,UC2yeRzjy4JaPLykIQu2WlYA,박혜란,2020-06-28T07:08:39Z,-1,-1
115,러호귀산이모쇼,UC2yeRzjy4JaPLykIQu2WlYA,박혜란,2020-06-28T07:07:58Z,0,0
116,퓨츄츄퓨,UC2yeRzjy4JaPLykIQu2WlYA,박혜란,2020-06-28T07:07:29Z,0,0
117,엄보홄열옿러호오호,UC2yeRzjy4JaPLykIQu2WlYA,박혜란,2020-06-28T07:07:08Z,1,1
118,오햔지스만새올보래요숑일국아보,UC2yeRzjy4JaPLykIQu2WlYA,박혜란,2020-06-28T07:05:07Z,0,0
119,민국아칩애가자차요가차촙비요교둇호민국만새바나나요시앗로교호로오퓨츄튜,UC2yeRzjy4JaPLykIQu2WlYA,박혜란,2020-06-28T07:03:26Z,0,0
120, 호숑럵홋교호로핍코듀프한걸이오호롤오로포호,UC2yeRzjy4JaPLykIQu2WlYA,박혜란,2020-06-28T06:58:02Z,1,1
122,  개잘생겼네,UCUlkvTgCM65YrbNAYcS_Kdg,뱅미형 술잔 안에 뱅미형,2020-06-27T12:27:24Z,1,1
123,김대윤,UCoYhnCHoAX6xTeODrzdfAsg,김예은,2020-06-23T04:33:34Z,0,0
124,김에빈,UCoYhnCHoAX6xTeODrzdfAsg,김예은,2020-06-23T04:33:27Z,0,0
125,김에은,UCoYhnCHoAX6xTeODrzdfAsg,김예은,2020-06-23T04:33:21Z,0,0
126,문제만세가바나나흘돟아하는이유는정답빤나나를너무젛아해서,UCkYZx6-p4PqZFWs9sjxnaGA,김시경,2020-06-22T00:56:40Z,-1,-1
127,으아졸귀 징징 거리는 것도 너뮤 귀욥  와박력,UCnS49uv1cRBw65pDXiHxG4A,복숭아,2020-06-07T05:43:47Z,1,1
128,슈페멩미들아왓다,UCoYhnCHoAX6xTeODrzdfAsg,김예은,2020-06-04T06:04:50Z,0,0
129,시인갱,UCoYhnCHoAX6xTeODrzdfAsg,김예은,2020-06-04T06:03:31Z,0,0
130,조장아,UCoYhnCHoAX6xTeODrzdfAsg,김예은,2020-06-04T06:03:19Z,0,0
131,김대윤,UCoYhnCHoAX6xTeODrzdfAsg,김예은,2020-06-04T06:02:59Z,0,0
132,김에빈,UCoYhnCHoAX6xTeODrzdfAsg,김예은,2020-06-04T06:02:49Z,0,0
133,김에은,UCoYhnCHoAX6xTeODrzdfAsg,김예은,2020-06-04T06:02:37Z,0,0
134,붕붕순이,UCoYhnCHoAX6xTeODrzdfAsg,김예은,2020-06-04T06:02:26Z,0,0
135,붕붕이귀빙,UCoYhnCHoAX6xTeODrzdfAsg,김예은,2020-06-04T06:02:13Z,0,0
136,뽀로로,UCoYhnCHoAX6xTeODrzdfAsg,김예은,2020-06-04T06:01:54Z,0,0
137,코코밍엘라라,UCoYhnCHoAX6xTeODrzdfAsg,김예은,2020-06-04T06:01:43Z,0,0
138,아내분이랑 통화할때 어 대한아 하는거 너무 말투 목소리 너무좋다 거기만 계속 돌려듣는중,UC2MpG1wyd11mA_iK9z9sUpQ,나순재,2020-06-01T15:49:44Z,0,0
139,대한이 귀여워,UC3VYS7_xn3mJkpKGvAKYyZw,0102 20전무건,2020-05-31T09:07:02Z,2,1
140,삼둥이네 항상 화이팅대한민국만세 사랑해,UC3VYS7_xn3mJkpKGvAKYyZw,0102 20전무건,2020-08-18T08:48:28Z,2,1
141,만세가 차를 좋아하는구나,UCF8wuRnvEm23IH9qGIR_zTw,김성민,2020-05-26T02:40:50Z,2,1
142,민국이손  왜그래요,UCGyh2ru4qLatTTONEktLqbA,UYAHO M,2020-05-25T01:23:15Z,0,0
143,이때의 슈돌이 그립다,UC2nMqCZn4f3NA2q_otUn70A,포비,2020-05-21T14:21:33Z,2,1
144,오남매 풀영상은 어떻게 해야 보나요  아무리 찾아봐도 없어서 링크 라도 많이 달아주세요 오남매 영상이요 풀영상 ,UCNK_SSIIx5_53dC2hMNKQIg,김형민,2020-05-20T10:13:32Z,0,0
145,만세가 뛰뛰를 진짜 좋아하는고 같네 자동차를 뛰뛰 라고 지은것도 신기하닼,UCNxHbcsdfAGYGa0wfVx3yfQ,기먼뉼,2020-05-08T12:35:22Z,2,1
147,삼둥이 아빠 넘 대견하십니다,UCQdcXOdJertTc9fDIosaL-g,wise K,2020-05-05T16:20:33Z,0,0
149, 나비보벳다우,UCx7n9c3ro58ebBHYr1cl_oQ,Robloe,2020-05-02T06:09:46Z,0,0
150,역시 장보기 점점 힘들어진다,UCvKZc550Tkn7LfYUvMYTFcA,귀엽망개,2020-05-01T04:14:21Z,0,0
151,새삼 느끼는 거지만 송일국님 진짜 잘생기셨다,UCws0spwkh2yaGuS92eT5-Pw,웰치스,2020-04-28T16:32:21Z,0,0
152,혼자 넷한번 봐보실래요  우리엄마는 혼자 넷봐요,UCNA85A_knLslmgZVbt1D9Sg,마이온,2020-04-24T13:05:17Z,1,1
153,오늘 학년 온라인수업 듣는다는 기사듣고 삼둥이 찾아 정주행중 정말 너무 이쁘다 ,UCw3F-afwJgpPxKhJZIXJT9g,YJ 유주,2020-04-21T02:27:30Z,2,1
155,대단한 아빠진짜 훌륭해요 다른 못하는 아빠들 좀 보고 배웠으면 ,UCpb6k5xM1mYCchzMQz4mI1Q,Muimui Jay,2020-04-18T07:52:52Z,2,1
156,유튜브의 알 수 없는 알고리즘 년 월에 이게떠서 홀린듯 들어와버렸네,UCTdXAYLV95fsC5L2G1h6tyQ,신나나봄 Exciting BOM,2020-04-11T01:13:40Z,-1,-1
157,셋다 너무 귀여워서누가 제일 귀여우냐고 물으면셋다 귀여웡,UCpwMkajZYvL0Vvll9bXmAqQ,a mi,2020-04-09T14:25:15Z,4,1
158,    대한이 말랑떡같이 생겨써류아기다람쥐같애,UCIVW935oey9Cb1D9vXlJR-A,애옹,2020-04-07T13:39:01Z,0,0
159,진짜 귀엽고예뿌게 생겼죠 ,UCBY6UodEtnu8k4WH44TK5QA,tree3 fruit,2020-04-09T20:11:45Z,3,1
160,오랜만에 보는데 졸라 재밌다 졸라 귀엽다,UCxKtn0QLG0uc1KzrQW10hwg,말람,2020-04-06T09:49:31Z,4,1
162,만세 뛰뛰 하 나 사주고 싶다,UCP2sZ0U8UFKG58mx8xUKXZg,김지수,2020-04-01T06:48:15Z,0,0
163,  이걸로 성격 다 들어나잖앜,UCP2sZ0U8UFKG58mx8xUKXZg,김지수,2020-04-01T06:44:43Z,0,0
164,드러나잖아,UCXy2vZew2s4kTUzw4aoGbPQ,김하늘,2020-06-17T16:09:45Z,0,0
165,매달려서 바나나으아앙하면서 우는거 커엽누큐규큨,UCOYhBoT2PdBbMWkO-Cvhvrw,우든Y T,2020-04-01T05:05:09Z,1,1
167,저희는 언니 언니 언니 나 자매에요,UCGR-FlchLwJRNFAEJ3bbleA,박숙자,2020-03-28T01:59:10Z,1,1
168,  아주 재빠르게,UC_OP_CFYZ_IEBkdB9K2rG8A,정미루,2020-03-26T06:33:48Z,0,0
169,한창 방송 때도 본방사수하며 대한민국만세 앓이하며 랜선이모 자처했는데영상 속 송일국 아빠의 힘들지만 여러 추억에 남을 미션 도전들이 다 대단해보이고요즘 자기 전 매일 보거든요 특히 푸르른 자연 속에 알록달록 삼둥이 패션도 넘 사랑스럽고 야외 촬영분은 하나같이 다 맑고 예뻐요 요즘같은 시국에 더욱 그리운 찬란한 나날들이네요 건강하게 잘 지내고 있죠 우리 삼둥이들 그리고 송아빠 ,UCsJix1vpOvUuUmd7IfGpALQ,쁘띠쁘Tina,2020-03-23T17:04:53Z,11,1
170, 에 송일국님이 대한이 팔 잡았을때 대한이가 힘줄려다가 그냥 아빠손에 이끌려 때쓰지도 않고 내린느낌대한이 너무 착해,UCvZxrVS4oNY2guIto1S9IwQ,혜인,2020-03-19T17:57:01Z,2,1
171,년에도 삼둥이 보러왔어요키,UCRSJAcFSVL_SBunE4nv4irw,박뚠꾸,2020-03-17T16:11:34Z,0,0
172,진짜 송아빠삼둥아빠 대단멋지심,UCTYegsAw_Ykj9iJrb_CBR9Q,이민정,2020-03-12T15:59:10Z,1,1
173,근데 지금 생각해보니까 역대급 슈돌 아가들 많았어도 그들을 모티브로 한 노래가 나온건 삼둥이밖에 없음 그정도로 인기 쩔었다는 거,UCbQQPmbIuEK5ssc8W9Epu7A,nwkxo P,2020-03-12T12:38:54Z,1,1
174,저때는 슈돌 나오는 아가들마다 주제곡 같은 거 있었어요 쌍둥이네도 그 이후 대박이네두 그랬구요,UCgktCsnonWtlWL3BJ8Rf5jQ,울산양갈래투스텝박건후,2021-04-23T05:17:56Z,1,1
175,동화볼때 대한이만 좀 소외된겄같아,UCv3YOejxSYL-BRdS68Sc_WQ,이지은,2020-03-10T12:53:05Z,0,0
176,대한민국 만세야 건강하고 행복하게 살아,UCktV6hsPiSRA41kYmtTKyrg,무괴아심,2020-03-10T06:13:54Z,3,1
177,아 광고 존나 많네,UCUItfvZcHgIUWmqM-xptHdA,파블리첸코,2020-03-09T11:35:51Z,-1,-1
178,결국 저 뛰뛰 세대 사줬잖앜,UCn65fQHYnH2GyMEeuMGxkbw,이잉님,2020-03-07T04:15:56Z,0,0
179,내비타민 넼어디영상에 세명이서 타고있어욬                     ,UCn65fQHYnH2GyMEeuMGxkbw,이잉님,2020-06-28T08:51:12Z,2,1
180,아진짜요,UComAB818p82FFXhqeYPvdkg,내비타민,2020-06-28T08:12:45Z,0,0
181,민국이 애교너무 귀여워,UC1kfma8ndaSsnDrfuntMG7g,천수민,2020-03-01T10:04:58Z,3,1
182,민국이 애교는 언제봐도 귀여워요 ,UCdKHkVKjBq-6ya0-silGOgA,윤동하,2020-08-09T13:26:37Z,4,1
184,세쌍둥이귀여워요,UCUjbDSmqTJHKRfub4vDQ0Qg,송수지,2020-02-28T12:41:59Z,3,1
185,처음부터 귀여움 폭발,UCpojTJSqZ6wY4kT1JzULOSg,미리내,2020-02-27T09:58:16Z,1,1
186,대한이만세민국이귀엽다,UCCSSxOfbW0BK31EJn1XlQxw,이채은TV,2020-02-23T04:09:52Z,2,1
187,힘들거에요,UCNA85A_knLslmgZVbt1D9Sg,마이온,2020-02-22T15:29:41Z,0,0
188,우리 엄마는 혼자서 넷 보세요,UCNA85A_knLslmgZVbt1D9Sg,마이온,2020-02-22T15:28:41Z,1,1
189,대한민국만세 세상에서 제일귀여워요,UCNYaoyCCjQ9aV1VpzZtS00A,김지연,2020-02-17T11:58:47Z,3,1
190,대한민국만세 너무귀여워요,UCFyM3IL8e7MwU_g9aFMAE3Q,겸이나라♥️(Gyeom's country❤),2020-02-16T01:25:28Z,3,1
191,즈,UCJwUtbKfYiy_IGwXf1B1g_A,채지,2020-02-15T08:17:54Z,0,0
192,민국이 못나가는거 너무 귀여워  시무룩한거 봐,UCgmjRfnkT1-iuyEpTyS77Dw,잉,2020-02-11T02:19:06Z,2,1
193,갑자기  나와서 놀랐다 ,UCrkJdXUjD89J-yVNQVUmhJQ,성이름,2020-02-08T14:45:18Z,1,1
194,  민국아 누나는 너한테 뼈 묻을 준비가 되있어,UCnjQ3hMSmqRbuOiHClW1dSg,광수야! 예!형,2020-02-02T17:23:32Z,1,1
195,다 귀엽긴한데 어렸을때 이거 봤을땐 만세가 고집 세고 욕심 많아보여서 호감은 아니였슴 ,UCnjQ3hMSmqRbuOiHClW1dSg,광수야! 예!형,2020-02-02T17:16:55Z,-1,-1
196,민국이 너무귀엽네,UClOHS-0fAZwY6q7SSUstZlA,혁이에용,2020-02-01T10:10:14Z,2,1
197,민국이가 젤나중에 내리고 민국이가 가장먼저 타넵,UCumZ3y8UO8YEbM1Wrfprm4Q,콩아놀자,2020-01-31T06:39:15Z,0,0
198,일국님대한민국만세,UCBN2ox1Z5zlOiW5K8RmSxSw,임다정,2020-01-30T09:16:47Z,0,0
199, 에 만세우니까 애들다울엌 ,UCR1hELuFawlngCzLQ6T1LeA,이진희,2020-01-29T01:08:31Z,0,0
200, 봐만셐,UCR1hELuFawlngCzLQ6T1LeA,이진희,2020-01-29T00:51:59Z,0,0
201,내 쵀에아이들 대한이 민국이사룽해,UCR1hELuFawlngCzLQ6T1LeA,이진희,2020-01-29T00:47:39Z,0,0
202,지금보니 진짜 대단하다 송일국,UC_NVJV4LzVoryOOMFzJJhlw,닉넴,2020-01-27T10:45:20Z,2,1
203,세상참좁다는생각이듭니다다시한번더말하지만난이제슬슬자러아름다운세상 모든사람들이 다다시한 번거로움을느낀다다양한방법으로수익 이현서의다시구만다시한번 더정티이쳣갗겅하자이주랑 같은소속사측은하게되었다,UCeBAN4sBbnUTH0pslCFFGzA,이현서,2020-01-27T01:30:23Z,2,1
204,와 대단하다,UCHdlt0uMGLMzTr53FJHz26A,토와 세츠나모로하,2020-01-26T03:02:10Z,2,1
205,일국이라는사람불쌍해,UCoMNdCtLKkLcmTlw7MwlSpA,이예린,2020-01-21T09:33:49Z,-2,-1
207,삼둥이 자라 면 서로 의지하면 정말 좋겠다 잘 키우면 부모도 듬직할것 같은대 부럽다 송일국씨 딸도 낳으실꺼죠 꼭예쁜딸도낳으세요,UCHByMVMmMDq4GbgoiRNkPZA,문민혜,2020-01-20T12:25:09Z,5,1
208,귀엽네요,UCXgZ-BJ4Gh_gqV_iWPpPuSg,이영란,2020-01-20T10:22:27Z,3,1
209,  밥오니깐 눈물 그치는거봐 으이구 귀여웤,UCqYu6vz2oZAZgZ_eadhnn3Q,홍빛노을,2020-01-18T17:15:48Z,2,1
210,역시 만세가 재일귀여워,UCZZed0cfcx-JdfZhD5ysapw,Kwun Tommy,2020-01-18T05:14:56Z,2,1
211,  만세야 표정이 더 타고 싶은 만세  서러워서 울고 있는데 위에 형들은 쟤또 저러네 휴 이런 표정 만세는 뛰뛰가 좋지  만세야  그만 서러워해 진짜 우는거 너무 귀엽잖아  이와중에 대한이 민국이는 쟤 왜 또 울어 표정이곸  만세야 마트에서 두번이나 울어 대한 민국 만세 셋다 뛰뛰 엄청 좋아하넹,UCbHSxj3Hva4mSNILqUJd1SA,뫄,2020-01-17T16:12:17Z,3,1
213,  만세 너무 귀엽다 ,UCdJGpvDB0RQGa0Cu65ErCbA,달뿌아【쉬어가는중】,2020-01-17T03:34:14Z,2,1
214,  민국이 애교 너무 귀엽당 ,UCdZCHaqUwkAfyXNazg2Ufaw,송지은,2020-01-16T23:55:38Z,3,1
215,  부터 삼란성 저희 셋다 아들 아 개웃겨,UCudeWYqXcei5tY1scqxBOGA,이름,2020-01-14T17:15:46Z,2,1
216,대한이 배고파도 많이 안울고 기다리는거 기특하당 수건 두르는거 너무 귀여웡,UC6DCpCDf8NKkwN0w-iqICMg,수민,2020-01-14T01:05:01Z,2,1
217,유모차에 대한 민국 만세 타있는거 왜케 귀여워,UCZSdqJchJbPlY67kLSBDv7w,이경희,2020-01-13T08:43:49Z,2,1
218,나였으면 메롱에서 울었다,UCrd18LxYpZnesqB8-G1HAXQ,뽀롱이,2020-01-13T03:50:14Z,-1,-1
219, 그래도 넘 쎄게 치셨다,UCWIlhUhpW2emLCzfeH2WR7g,륜시,2020-01-12T08:20:29Z,0,0
220,김찬수 아 그러쿤요 알려주셔서 갑사합니다,UCWIlhUhpW2emLCzfeH2WR7g,륜시,2020-02-11T10:48:11Z,1,1
221,친거 말씀하시는거면 만세 친건 아니구 자동차 문을 빼신거에요,UCYNpsVTi_cyAWy9R_XWnm-w,김찬수,2020-02-11T10:41:21Z,0,0
222,우리학교에 송일국이라는 애 있는데,UCbPx1GVb1uvMAFDLiIJ-8-A,문혜원,2020-01-10T03:29:18Z,1,1
223,미친,UC5ooV9cZ3o-y2SVwB7Iaiqw,최서현,2020-01-11T11:00:08Z,0,0
224,  개월이요칼대답이닼,UC--Oc7X1-eFRCAdUJSMinPA,박서연,2020-01-09T14:37:01Z,0,0
225,나만 죽겠네를 족같네라고 들었나,UCPmup8qrY2gDVFwYVpWjdxQ,워니,2020-01-08T18:05:30Z,-1,-1
226,만세는 세상 서러워서 울고 있는데 대한이랑 민국이는 조용히 앉아있는거 너무 웃김쟤 또 저러네 이 느낌,UCX4ReDiKiA-m591oj3fTHQw,Daisy,2020-01-08T17:35:07Z,1,1
230,요 넘나 귀여운것,UCnQEMM2IgfS8iKUgeS_Zf0w,피아노치는 인간,2021-03-06T05:35:26Z,3,1
231,  도 ,UC9aISSPlWy_cdYFwFiYY35A,영감탱가만안둬,2020-08-26T06:04:03Z,0,0
232,민국만세대한귀염둥이,UCJlZ2WBJaVWHuDnYIr-ZqGQ,엄유진엄우리아아빠리아빠태성,2020-01-07T11:23:42Z,1,1
233,민국이랑대한이가 그래도 화는안내내 만세가 욕심이많넹,UCidF1F2LYGzsDAGqZcqHQOA,다니o o,2020-01-07T01:56:40Z,-2,-1
235,욕심이라뇨 애한테 욕심이 아니라 만세가 유독  차를 좋아해서  그런건데 선 넘네요,UCLPIva8GiTly2HRSssjbMTg,박예원,2020-01-11T13:07:43Z,1,1
236,민국이넘귀엽다,UCidF1F2LYGzsDAGqZcqHQOA,다니o o,2020-01-07T01:54:38Z,2,1
237,와 귀여운데 역시 떼쓰면  무섭구나 ,UCPt2EdeF85bLuKDPHYsjfSw,신나냐냐냐냥,2020-01-02T13:26:12Z,3,1
240,서신애언니,UCxlLuV-lpR3dvt-lShtQZLg,낡은감자,2019-12-21T01:37:38Z,1,1
241,해리누구야,UCxlLuV-lpR3dvt-lShtQZLg,낡은감자,2019-12-21T01:37:10Z,0,0
242,해리아이,UCxlLuV-lpR3dvt-lShtQZLg,낡은감자,2019-12-21T01:35:53Z,0,0
243,일국이형님 너무 멋지신거 아닙니까,UCpI6p-DsixtDaDwf0e_bpBA,KH Kim,2019-12-20T12:01:34Z,1,1
244,슨,UCiCTWamW2a_UQHNCb2LJePw,구계남,2019-12-16T00:49:20Z,0,0
245,  이때 송일국 잘생겼다그 만두하고 메밀먹었던때랑 비교하면 확실히 살이 빠져있음  갠적으로 삼둥이 초기시절 갈색머리 파란와이셔츠 그때 시절이 슈돌찍을때 젤 잘생겼던거같음,UCqDoju3Nv9Mo0ZwywOEA-nQ,도봉수,2019-12-12T16:52:43Z,0,0
246, 잘생겼는데 유모차 손잡이 안에 머리 넣고 있는거 뻘하게 웃기네 ,UCpMlxBKtnIbck93XkBxbsYw,K H-Y,2021-06-23T05:42:03Z,2,1
247,늘 대한이 보면서 드는 생각인게 어릴땐 저렇게 부모 손 안가도 잘하는게 오히려 커서 부모님께 집착할거같은 걱정이남 물론 송아빠도 어머니도 다 동등하게 사랑을 주시겠지만 뭔가 그런 생각이 들음,UCqDoju3Nv9Mo0ZwywOEA-nQ,도봉수,2019-12-01T14:22:49Z,1,1
248,일국이형 너란남자,UCxKx7OiBVqMspwfvhUm2lWA,이산,2019-11-30T10:45:14Z,0,0
249,애들우는거싫어,UC_wB5sgBJJyJ7dBbqaL0swg,한민족,2019-11-30T10:08:38Z,-1,-1
250,만세 울음을왜이렇게함 게싫어 계속울어짜증나,UC_wB5sgBJJyJ7dBbqaL0swg,한민족,2019-11-30T04:05:07Z,-4,-1
251,광고가 왜이렇게 많아 돈도잘벌면서,UCyBwltSYIKvmNyyja8KtDbw,최지민,2019-11-28T14:47:47Z,-2,-1
253,  뛰뛰에 뼈를 묻고싶어 왜그래    ,UC59udqwpywihTSkfOCM9jwg,소금호랑이,2019-11-21T21:07:50Z,-1,-1
254,이제 앎팩폭 오지네,UCvgqevj51x1CBJ-I3B22aag,신민아,2020-08-17T03:24:15Z,-1,-1
255,뛰뛰 타고싶어서 우는 만세한테 아빠가 미안해 얼마나 타고싶을까 하면서 이해해주고 달래주는게 너무 자상하고 멋있어 보통은 소리지르고 혼내고 때리는게 보통인데 진짜 너무 대단하다,UC59udqwpywihTSkfOCM9jwg,소금호랑이,2019-11-21T21:03:41Z,-1,-1
256,나 진짜 이상한 걱정 하고 있음  재네 사춘기때 식비 어떡해부모님들이 잘 벌어서 망정이지 어마어마 하겠다,UCfXmwOxYMh-zJlVoKOLIqBg,뚱이가 되고 싶은 불가사리,2019-11-21T09:11:46Z,0,0
257,광고만 줄면 조회수 훨씬 늘어날듯요자주와서 보고싶은데 광고 넘 많아서 안보게돼서 ,UCdQK9H6Ll8FWs1y5lMlkPfA,썸머영 summeryoung,2019-11-20T17:52:27Z,2,1
258,건후랑 같은 나이였구나  진짜 애기들,UCXZC4959vCKfNNQb1SW1Srw,Oasis,2019-11-17T14:39:30Z,0,0
259,헐  만세 넘 귀엽다,UCWxvo3oNnUY_mXoSDUWelYQ,동따구,2019-11-17T01:55:43Z,2,1
260,민국이 손목에 붕대인가,UCXXy2IbMcBRedHyhWJ74K8w,김여민,2019-11-16T03:10:55Z,0,0
261,그 고무밴드라고 해야되나 그런거일걸요,UC4OFCwnWQzgsyV0vuIhfDkg,o._______.o,2020-05-25T03:59:19Z,0,0
263,나도 세쌍둥이로 태어나면 집에서두 재밌겠당,UCX6KGrGRrKcyvaSBSE2qmaw,오히오,2019-11-15T11:35:18Z,2,1
264,  아니 송일국 저희도 이란 아니 삼란성이에요 ,UCfhSNfbsQvvaOfOJ4bvJgpg,정민지,2019-11-14T03:05:39Z,0,0
265,난 갠적으로 대한민국이가 더 귀여운듯때쓰는 성격 기피,UCzmP66PKA0fW_HyuV3-TV0w,lcuy,2019-11-14T02:33:17Z,3,1
266,나도 어릴 때 차 좋아했는데 성인이 되니 비행기가 좋아 조종사로 갔어요  차는 역시 포르쉐,UCKMpsQar7ozk8tBaWrrMkHQ,jake0910,2019-11-12T16:26:59Z,1,1
267,커엽,UCHQjwIZiA4PBKwop5WSllHA,유애나,2019-11-11T14:04:18Z,1,1
268,대한민국만세 너무 귀여워,UC_5JubOdPvogQYk3D2SrkRQ,임지인,2019-11-09T12:57:01Z,2,1
269,  대하나,UCy-aKt-WqIzmPh5DWCh2-vA,ᄋᄋ,2019-11-07T14:05:47Z,0,0
270,키즈카페 데려가 시지,UCXr7tvZHucBqjhndwsxzBdw,무민,2019-11-07T13:38:36Z,0,0
271,민국이넘 착하다,UCidF1F2LYGzsDAGqZcqHQOA,다니o o,2019-11-06T11:30:32Z,1,1
272,송일국이 진짜 예의가 바름,UCpvWpW33QWxqniKF7AevXlQ,Mu zabi,2019-11-06T07:00:50Z,1,1
274,수윈윌드컵 경기장 시오후빅버드 오오오오오오 사랑수원 나의사랑해나의수원 우리에겐함께승리뿐다수원이겨라 대전코레일 나의마음에환희를또한번더 엘리누나춘향 시축러프콘서트공연 있다 밖에서 승리 강윤아홍승재 빅버드 수원염기훈데얀전세전고승범 바그닝요사리치타가트양싱민 노동건이임생감독 있다엘리누나춘향시축러프콘서트공연 있다 도티시축콘셔트공연 싸이공연빅버드 수원월드컵경기장 단장명진사다리빅버드 블루웡 수원 타가트염기훈 염기훈완발수원 손가락머리위우리에겐함께수원개리 오레오레오레오레오레오레라샤라 수원 나의사랑해나의수원 오오오오오오오나의사랑해나의수원 프렌테트리콜로가슴 수원 싸움청백적친구 짝짝짝수원 바모바모수원막을수없이사랑 하루하루 이사랑후화없다 제도의심장부 서브블루웡수원 청백적 챔피언 오레오레오레오레레오레오레오레오레 오레오레오레오레오레오레오레오레 있다 하나은행컵 결승전 우승 대한민국만세아빠송일국,UC4prsZImGr15ZPzDZVBAfzA,열열조명진,2019-11-03T00:28:42Z,3,1
277,  민국이 첫입덕,UCrTulAZv0Vz7Qsw4S0lv8dw,제로니,2019-09-27T06:44:25Z,1,1
278,  아 너무 귀엽다 쪼꼬미 꼬물이들  심장아파,UC6skDHbZqPdNNs59MTMv3Pw,rainy my heart,2019-09-24T06:22:08Z,1,1
279,진짜 삼둥이가 각자 매력도 넘치고 송일국이랑 케미도 좋고 잘 돌봐서 좋았는데,UCucf9RyHRWt2cbNA_Ps9NCA,장원,2019-09-04T15:26:27Z,2,1
280,  내심장 ,UCrV-S__iJ0ktnhJQMh3bVPQ,칸진리,2019-09-01T15:28:33Z,0,0
281,  웃겨쥭겠네 ,UC2T2UGpSQYBNnAInH5Xmp0g,오수빈,2019-09-01T03:44:51Z,1,1
282,와떼쓰는거 보고 소리한번 안지르다니대단하다나라면 소리지를거같다,UCgay6QazAzaTfe3s3N6TuxQ,큰아씨들,2019-08-27T17:51:58Z,2,1
283,  겁나 빠르다 ,UC-JKiqmH2k-MT3yFyIEoB_g,정초은,2019-08-21T10:51:35Z,0,0
284,  에 올려둔 폰은 과연 나중 어찌됐는지흘려서 박살나진 않았는지,UCMZVWj3H1Ni6s1KibT-iD7w,남애리,2019-08-20T15:51:53Z,-1,-1
285,움직일때도 계속 있네요 저속이라 떨어지진 않은듯,UCUDNw-bd54YCwgSeSvyrbUg,now,2020-02-02T05:37:44Z,0,0
286,  저희도 이란삼란성이에요 하는 거 너무 웃기다,UCMxfj6F0B-waRFOjOtv6h7g,2510박태희,2019-08-20T13:35:32Z,1,1
287,배틀슈돌탄서준이대한이탄민국이만세탄송일국민국이탄사랑이민국이탄만세사랑이탄대한이코료탄공룡송일국탄이휘재이서준탄만세송수레탄송수래이휘재탄만세이웃쌍둥이탄민국이이휘제탄만어공주대한왕자탄민어공주대한이송일국새우새우티라노탄사랑이악어악어만세삼둥이엄마송일국탄공룡악어탄뛰뛰만세,UCNq9sVawRuSosF50PQcBnAw,김지호,2019-08-17T08:22:02Z,2,1
288,세쌍둥이 왜이렇케 귀염냐심쿵,UCOeH1AxaiofF0BhhViYmajw,Dasong Ari,2019-08-15T06:03:49Z,2,1
289,집에서는 노비    이 말 왤캬 웃기냐 ,UC1WSg8x5IHmdVNRnb3nFfAQ,ᄏᄏ,2019-08-10T04:51:46Z,0,0
290,삼동이 진짜 졸귀다년 봐도 꿀잼이당영상 많이많이많이많이많이많이 올려주세요감사합니당,UCfZF2kZTmrr9kUl_TPFSnzg,judy 666,2019-08-08T16:17:03Z,6,1
291,아 만세 너무 귀여워 ,UC6tkjaQISojZL_UXOWkTtNg,어쩔티비,2019-08-07T03:19:39Z,2,1
292, 분에 같네라고 한줄,UCb3jD4BFqUCBdBXqq-k2azw,나라,2019-08-04T14:29:52Z,0,0
293, 죽갔네,UCEdugxlVCX97YDvZa4oJlKw,오핏치,2021-02-25T10:18:21Z,0,0
294,송일국아빠의웃음은  모든것의  시작이고   마무리입니다넘 넘  멋져요온가족의 행복의원천입니다 ,UCMdF9TKVvrrEAMSOFARfqKg,이연주,2019-08-01T14:05:33Z,4,1
295,  세개로 나눌라고 했는데 다 먹엌,UCJmsC5CKgIco9PLyqGgsU6w,김예빈,2019-07-25T04:02:23Z,0,0
296,  너무 귀여워,UCJmsC5CKgIco9PLyqGgsU6w,김예빈,2019-07-25T03:57:11Z,2,1
297,   세쌍둥이   쌍둥이,UCHwUh5JpOhbYsWz_0-Aetcw,Yerin Shin,2019-07-24T17:08:46Z,0,0
298,진짜 일국님 대단하시다솔찍히 애기 돌봐본 경험 있는 사람으로써 아기는 소통을 잘 못하기 때문에 만세처럼 울면 진짜 속상하고 힘들던데 뭐 그래도 그 대가는 호강이니까요,UC5UmmZUCc6UJk2Ekdmw4P6w,바다,2019-07-18T18:45:10Z,3,1
299, 저 차 팍 내리면 머리랑 다리 긁히고 부딫혀서 개 아픔,UCNLCVTsVwe9W8fq5jPH_nQA,ᄏᄒᄏᄒ,2019-07-18T03:10:55Z,-1,-1
300,  이란성 아니 삼란성이에요 아 귀엽네,UCrXj07UhktAaucVthEAoOGQ,쿨쩍,2019-07-12T01:20:05Z,2,1
301,삼란성 ,UCnDz0elQZk0A9PyIziQ1OSA,j J,2021-07-17T09:38:40Z,0,0
302,정보 이란성은 쌍둥이끼리 안닮은거고 일란성은 쌍둥이끼리 닮은게 쌍둥이당 하지만 귀여운건 변하지않지,UCMJg3LUsPt-MnYCQNlu3Erg,치토,2020-08-07T09:23:19Z,3,1
303,그와중에 송일국 왜케 잘생김,UCZq6Lz6wQg87wHOsUll6-tQ,su,2019-07-11T13:21:07Z,1,1
304,키도크고몸도좋고 ,UCI-jMWIH83dYOnl-eV8oqYw,김민지,2020-07-18T09:59:01Z,1,1
305,만세나쁘다,UCQERWpoKlatfhrgShuirmFA,아기사자혜미,2019-07-09T16:23:32Z,-2,-1
306,대한민국만세  벌써살,UCZVOLobx9K78Uqzx0oh1_Xg,전지원,2019-07-08T03:14:41Z,0,0
307,대한민국만세,UCZVOLobx9K78Uqzx0oh1_Xg,전지원,2019-07-08T03:12:43Z,0,0
308,근데 민국이 손목에 뭐한건지 볼때마다 궁금해용다친건가요,UCKr_JZYycqZA7TJ7WuoDdPA,J M,2019-07-07T13:41:32Z,0,0
309,애들크면 뭐할지 그려진다대한해군 의무관 물안무서워하고 병원가도 안울음민국먹방 유튜버먹는거 유독좋아함만세드라이버 운전하는거좋아함,UCi0IB3kbF2vMAULFmEmNWiQ,제로콜라매니아,2019-07-06T16:50:33Z,0,0
310,나도 유치원때 아빠랑 헤어질때 울었,UCoz5cx9MzoRGg0V5-WCfXhA,백현,2019-07-04T22:38:10Z,1,1
311,대한이 민국이는 말 잘듣는데 만세는 장난꾸러기다 ,UCJ1LWqAedGXUeLvrcQCYuDA,배도현,2019-07-02T23:02:50Z,0,0
312,근데 민국이 손이왜 이래요붕대감았어요,UCUohtWyk6JU0nGMvkvQbL9Q,이승훈,2019-06-27T02:20:34Z,0,0
313,애교쟁이 민국,UCHutiUM6ygEsgtJotWvcFhA,김종민,2019-06-25T21:42:27Z,1,1
314,돈 많은데 뭐가 걱정이야,UC0HgBq1iYlwW2P9gYT5LnVw,real country,2019-06-23T15:39:02Z,1,1
315,키즈케페만세는키즈케페좋아,UCSsLf9EO7pD2MoYSN7g1K1g,무지개뽀송이,2019-06-20T01:49:56Z,1,1
316,만세의 아안돼너무 귀여운거 아니냐고,UCUqwInIhEyaOND4p1ZAu6uQ,채윤.,2019-06-15T11:39:59Z,4,1
317,명배우에게 듣는 구연동화라니부러운 애기들,UCOYq9Kw8QcFrf-F1cKmOOdQ,예영,2019-06-07T23:56:04Z,-1,-1
319,진짜대한이 너무 어른 스럽고 아이답지않아 너무좋아,UCZ10Pc_9YbM0VzlFbJwvEMw,유현명,2019-05-21T23:09:42Z,1,1
320,갠적으로 대한이가 너무귀여워,UCZ10Pc_9YbM0VzlFbJwvEMw,유현명,2019-05-21T22:59:27Z,2,1
321,민국이 오른팔에 뭐찬거에요,UC1Je79XP1boJ-BUZPuSLKTw,장명화,2019-05-17T12:09:08Z,0,0
322,만세는 이쁘고 귀엽고 멋지고 사랑스러워,UCHutiUM6ygEsgtJotWvcFhA,김종민,2019-05-16T12:19:03Z,8,1
323,개월 아가가 당연히 떼쓰고 그러죠아가들이에요 아가 아직은 그런거 잘 모르는훌륭한 부모님이니까 그밑에서 차차 배워나갓겠죵 이뻐죽겟네요 아가들,UCifpq3C6oGIXfXJ27M90sxw,김주영,2019-05-10T13:11:18Z,2,1
324,자동차 빌려타는거 일반시민이면 어림없는일아님 뭔병신인가하고 욕할듯  연예인이라 가능한,UCXch1roe1KQHnxE4UXF09mw,삭발여성삭발닝겐,2019-05-05T12:01:16Z,-2,-1
326,에휴  만세  아빠랑 떨어지기 싫어서 우는거 보니까  나도 어릴적  어린이집다닐때  엄마랑 떨어지기 싫어서 막 울었던 기억이 생생하네    갑자기     저거보니까  어릴때로 돌아가고싶기도 하고  안쓰러웡,UC7HiVUx0wMiZDfy8CxlSMdg,이현수.,2019-04-29T15:31:47Z,-1,-1
327,대박이다 여기서 쌍둥이둘 송일국 아들 셋쌍둥이 이휘재 아들 쌍둥이 굿,UCgt7bE2qsohygQ8L0TBT2DA,유하영,2019-04-26T11:13:55Z,1,1
328,전 시분인데엄빠가 자고 있어소배고파,UC5zKOfI8ORgZMoVKhp_0Rbg,메롱,2019-04-20T13:35:54Z,0,0
329,이 아가들이 벌써 초등학교 입학함,UC_myAxfAclyTCBncum2pMCQ,투니버스가 낳은 최고의 작곡가보보,2019-04-06T08:49:53Z,0,0
331,안녕하세요 윤아이에요,UCRvieELwBEEF_PWkfU4FL4Q,김윤아태현,2019-04-04T11:06:05Z,2,1
333,강제연행이라는 자막 개 웃기네  그 와중에 문 벌컥여시는 박력 머싯다,UCws0spwkh2yaGuS92eT5-Pw,웰치스,2019-03-30T06:45:43Z,1,1
334,요,UCLhr_lUJ9_-td7OILnvX7yA,하은,2020-01-20T10:27:44Z,0,0
335,대한이 턱받이 대신 수건 두르는거 존귀 ,UCcssd5RYhaCpLhs_y2ciLOA,새콤짱,2019-03-25T10:33:30Z,1,1
336,붐바스틱치즈스틱전원우외모판타스틱 왔는데,UCI9G_3JeDrIc0dqbc6ZDRQg,Hyejin Choi,2021-07-29T09:44:53Z,0,0
337,아 개귀엽다 ,UCmzY5en8TDI2uuaintpBIsA,잉오,2020-07-15T10:15:41Z,2,1
338,너무배고파서 빨이빨이 먹고싶었나봐 ,UCGHC0scyV4h7Ma_uElQZtKA,Ri S,2020-02-24T02:34:52Z,0,0
340,  하하하,UCHlGT-Cve2uJDMeND93TSJw,붐바스틱치즈스틱전원우외모판타스틱,2020-01-01T12:24:18Z,1,1
341,송일국 너무좋은아빠네요 아이들 잘자라길빕니다,UCNM50tS4woswi3S2OuoTFuA,김우현,2019-03-23T13:35:56Z,1,1
342,케이비에스는 무슨 광고를 그렇게 많이 넣었냐,UC1mt2jgs_gpfklp4rAx4fIw,임grace,2019-03-20T02:59:56Z,-1,-1
343,조회수가 많을걸 아니깐,UCbMJQAcrkVC57e6S_v4YSqw,유지웅,2020-01-19T01:14:22Z,0,0
344,대한 민국 만세 학교 들어가요,UCyTTvYn30VcuLDnV0J1uCsQ,김경선,2019-02-27T13:11:08Z,0,0
345,대한민국 만세 아빠가 고생하고 있습니다,UCG7R2lTuk-kCLOlh3shkQxg,임경태,2019-02-27T00:36:49Z,1,1
346,민국이귀여워,UCUXggzwG-9Q6TJ-gwlWpxcw,김현준,2019-02-26T00:19:27Z,2,1
347, 초때 이제그만 하길래 텔레토비 생각남,UCkDaVpa4g3uGOXSf_lh9s-w,누규,2019-02-24T00:43:27Z,-1,-1
348,민국이는진짜녹는다,UC9yMjMStQHni82w3xbQ7d2Q,소가핥은스킵뒷통수,2019-02-19T15:10:50Z,1,1
349,참 귀엽네요,UCLtl7ipl4nLhVDrNk5R_aYQ,배종덕,2020-01-26T07:03:09Z,3,1
350,송일국 잠 잘자겠다,UCpv-ZxvYmNRH61JxxaLFFpQ,Meow야옹,2019-02-16T05:40:32Z,0,0
351,얘네때문에 슈돌봤었는데 댠밍만 엉엉,UCP-sPMrQpIBGv6lecHPUdYw,밤김치보끔,2019-02-07T10:11:18Z,0,0
352,삼둥이 엄마 목소리좋다,UCwk5c8LyPay7rqI9RejNUXA,김주희,2019-02-06T19:38:45Z,1,1
353,고무체인 타이어 송일국 원하는차 한대,UCPuYWxvVHaJTGC285VGTX_w,송다겸,2019-02-02T23:55:15Z,0,0
354,만세 진짜 철 없다,UCv3wtDSUdXqVvXVnTLnfsNg,오세선,2019-02-01T01:13:59Z,0,0
355,저때 나이가 살인데 철없다뇨 님은 살때 엄청 철있었나 보네요,UCXaU5iYDFo37FRSRlysnEgQ,뇌신,2019-03-25T00:03:40Z,-1,-1
356,애기인데 당연한거아니냐 좀 말이되는소리좀 ,UCufNgwGJG4eWsBG7PPDFWOQ,이광수,2019-02-25T10:19:32Z,0,0
357,개월인데 생각 없는 댓글에 웃고 갑니다,UCfe7SVJBx_yZ20mHnXOzmvA,이도연,2019-02-13T04:59:22Z,1,1
358,아기가 철이 있으면 더 웃기지않나요저나이때 철이 상당히 있으셨나봅니다,UCgaYTgx-1k-A_bElyzu8qtg,S고구마,2019-02-12T05:37:38Z,1,1
359,진짜너무귀엽워요,UC2nysRao8vuWJwwHF2sIDvQ,규니,2019-01-31T03:40:16Z,1,1
360,삼둥이 아빠대단함다존경스럽습다애들넘 이쁘고 귀엽습다,UC6HpMwsVViD3axPNyqv9fcw,박주영,2019-01-31T03:29:29Z,5,1
361,  에 같네라고 들림,UCzn7FS2C9DC_lfZnnJv2HYQ,로블 비탄,2019-01-30T12:37:28Z,0,0
363,대한,UC-zDEZBLL80n94U3tkr2Izw,윤주원,2019-01-22T05:30:48Z,0,0
364,민국,UC-zDEZBLL80n94U3tkr2Izw,윤주원,2019-01-22T05:30:36Z,0,0
365,만세,UC-zDEZBLL80n94U3tkr2Izw,윤주원,2019-01-22T05:29:14Z,0,0
367,  노래 엑소 썬더 나온다,UCHXxKukW90byrhxN-kgd22g,민서,2019-01-21T13:17:12Z,0,0
368,  민국이 빼꼼,UCuzjvMUN8ZTgG8uV5MBSzZw,nayaa e,2019-01-19T22:47:43Z,0,0
369,대한이네여,UCeZUM9lC9xGjTa7csiCyQog,TOMOON,2020-04-19T10:56:39Z,0,0
370,예은 대한민국만세 올해살그래두 응원한다,UCHlGT-Cve2uJDMeND93TSJw,붐바스틱치즈스틱전원우외모판타스틱,2020-01-01T13:34:53Z,0,0
371,대한이아닌가여,UCHlGT-Cve2uJDMeND93TSJw,붐바스틱치즈스틱전원우외모판타스틱,2020-01-01T12:27:34Z,0,0
372,  겁나 귀엽다 대한민국이,UCHLyh0G5sSru6gW3du6DmDw,이순신,2019-01-10T11:56:11Z,2,1
373,누가 메롱을 저렇게 무섭게해,UCnDuXQrlKLu24yLOoFzoCLA,bb d,2019-01-09T01:27:03Z,-1,-1
375, 이때 자전거 산건가,UCNs5T_JG-noP1QXcl_jQT8Q,들샘,2019-01-02T17:18:43Z,0,0
377, 에 만세 데리고가는거 저렇게 해야 질질안끌리고 금방 얘가 기분전환함,UCUdEp4ORl9jaRpGguNSx1fQ,jhjh,2018-12-29T07:52:56Z,0,0
378,걍 바로 꺼냄,UCKXjVMXGzSCwsh7E69g60pg,동굴래원,2021-09-24T13:01:34Z,0,0
379,닉값 솔로몬쓰앵님,UCH-e_v0Q3hfkmO4jdppkS9A,김지환,2020-07-31T05:13:42Z,0,0
380, 근데 멋있엉,UCcrT7RpKteB81iztS3i6Gpw,차띤,2020-03-19T18:03:42Z,1,1
381,웃기네진짜  무슨 범인 잡는거같네,UCSEUUbvaH9B-j3BNVKNA5dQ,ㅇㅇ,2020-01-24T05:45:41Z,1,1
382, 씹인정 문을 겁나게 쾅열고 몇초만에 꺼냄,UCqYu6vz2oZAZgZ_eadhnn3Q,홍빛노을,2020-01-18T17:10:23Z,1,1
383,삼둥이 너무너무 큐트,UCU2jPrmal8C0y4XxqXU8PQg,롄',2018-12-28T07:49:05Z,0,0
384,대한민국만세 행복해,UCD6BL8oWkyl2AccT_cFaXEw,김정은,2018-12-27T14:03:00Z,2,1
385,송일국씨 진짜좋은남자좋은남편이네용,UCMLSE_JteRTF_onL7GjPMkg,긴가민가,2018-12-23T03:00:19Z,1,1
386,  에의가 아니고 예의 입니다 기분 나쁘시면 죄송해요,UCLhr_lUJ9_-td7OILnvX7yA,하은,2020-01-20T10:25:59Z,-3,-1
387,인정,UCxtcpfApmZAvdIJ6BPLRLhA,이지예,2019-10-17T13:14:45Z,1,1
388,그니까요아들한테는 자상하고 와이프한테는 에의 지키고 진짜 넘나 완벽한 남자 일세송일국씨 응원 할게용늘 화이팅 하세용,UCfZF2kZTmrr9kUl_TPFSnzg,judy 666,2019-08-16T21:31:08Z,4,1
389,인정이요,UCdi0zzHL8jyZ6-Z1-6wue4w,뚠뚠은영,2019-08-15T05:38:19Z,1,1
390,좋은아빠,UCxsYYyRKfcMwU1NZAUWG5vA,ᄀᄋᄋ,2019-03-26T12:21:18Z,1,1
391,삼둥이 귀엽네,UCbJGL1orB5KMLPXIRp7BmGw,응응,2018-12-22T13:51:52Z,2,1
393,대한민국 만세 화이팅,UC1fW8LDb6wx1bvZD5AmMNWg,우유,2018-12-20T12:52:59Z,1,1
394,대한민국만세마라고싶어요,UC1fW8LDb6wx1bvZD5AmMNWg,우유,2018-12-20T12:42:53Z,0,0
395,처음부터 만세가 좋었는데 이 에피때 만세 짱,UCwY3Q-Orp0JQY0b95Cif0bQ,김지영,2018-12-18T08:30:33Z,0,0
396,민국이팔에 힌거보에용,UCp_jD3Cv6cEI3P8htfHOmfQ,다미니맘보미니🤱,2018-12-16T13:56:43Z,0,0
397,김보민아 놀자 아토피 있는데 긁지말라고 해놓은 거래요,UCXaU5iYDFo37FRSRlysnEgQ,뇌신,2019-03-25T00:01:52Z,0,0
398,이름진우연우맘황은영,UCPybBKdConuoC-e1pokljSQ,종두이,2018-12-15T13:03:46Z,0,0
399,     잗긴거넌닌것닞다잣댇,UCPybBKdConuoC-e1pokljSQ,종두이,2018-12-15T13:02:37Z,0,0
400,안녕 하세요,UCRvieELwBEEF_PWkfU4FL4Q,김윤아태현,2018-12-14T23:59:13Z,0,0
401,말을안들어네요힘들시들기겠네요,UCRvieELwBEEF_PWkfU4FL4Q,김윤아태현,2018-12-11T10:46:21Z,1,1
402,  저 뛰뛰가 만원가량합니다  뒤에 트레일러 달려잇는거로 봐서 더 비싸겠군요,UCPyD3cg4rJ137h0AeO4glpw,유빈,2018-12-09T16:10:04Z,-1,-1
403,빌릴순있긴 한데 빌리는것도 비쌀듯,UCQmeMGEpDwmvKxD4qL2UE5g,무무권짱,2021-07-30T06:35:22Z,0,0
404,신나냐냐냐냥 저도여 근데 몇십이아닌 몇백 ,UCHVdGov4_v4VLjiPruawItg,빵또아🍦,2020-01-28T00:39:58Z,1,1
405,아 그렇게 비싸여 전 몇십하는줄,UCPt2EdeF85bLuKDPHYsjfSw,신나냐냐냐냥,2020-01-02T13:28:49Z,-1,-1
406,흐미,UCHlGT-Cve2uJDMeND93TSJw,붐바스틱치즈스틱전원우외모판타스틱,2020-01-01T12:28:34Z,0,0
407,워미,UCCjKKXC4ffEFocCmhZdMKKA,강단오,2019-11-03T16:06:06Z,0,0
409,아빠가아이들한테해줄수있는최고의선물동화책을읽어주는것이라는생각드는장면,UCbMXDONfANcwVETqQvI4x1w,정희아,2018-12-08T10:05:16Z,1,1
410,정희아 집안일이나 도와라,UCNr2W9I-eq196f1RzIMlo_A,녀쿠다옹,2019-02-13T07:06:58Z,0,0
411,재밋,UCYGCZVRDzlbK3W7z9JtcNCA,댜쿱,2018-12-08T02:56:42Z,1,1
412,진짜 너모 귀엽다,UCWDcoxDzfrmVC3t-eCJkIkg,풍뎅이,2018-12-03T15:34:47Z,2,1
413,저 때 스태프가 만세가 고집이 쎈 편이냐고 인터뷰 나와서 송일국 당황하던데,UCExPngya51t65XZpTLMzPcw,이정화,2018-11-29T07:59:22Z,-2,-1
414,만세는 꼴이 통짜루다 지대루 들었어 신발 하나두 음써 막내는 이래보나 저래보나 형들하구는 확실히 다르구만,UChzeuthYz0kYWQIm0fgiMpA,상이전,2018-12-06T20:35:16Z,0,0
415,이 편은 성격따라 셋이 남아있는 신발이   개인게 킬포임 사랑스러운 대한민국만세 댠밍만 보고싶다,UCxliH6ekSOvJccMcEY1ZZaQ,daldal,2018-11-29T00:00:07Z,5,1
416,동굴래원 그니깬,UCSlJIdxG4GDlG0anTuJclxg,칭찬스티커도둑 어린이집,2021-10-17T04:17:05Z,0,0
417,여기 대댓 왜 이래,UCKXjVMXGzSCwsh7E69g60pg,동굴래원,2021-09-24T12:49:14Z,0,0
420,박정민 ,UC_XUzMEsliTZ8rze_dTvlMA,이필주,2020-07-09T15:20:43Z,0,0
421,옛날때 삼둥이 진짜 이 나이때엔대한이가 너무 불쌍했었는데이따 보면 주사맞을때도 동생들만안아주고 대한이 저 어린 나이 개월인데 투정하나 없고 기특하면서도 고맙네요,UCa41rArEmXOQegs3wAAj1Aw,푸우,2018-11-26T13:37:33Z,0,0
422,야 대한이가 뭐가 그렇게 개빡침놈이냐 진짜 드러워서 못 살갰네,UCsTvTq7Y3QGP44kg0Av24mg,Karen Baek,2020-08-31T00:59:32Z,-3,-1
423,동생들만 안아준게 아니라 기특하다고 울고있던 민국이 나두고 대한이 뽀뽀해줌,UCztBMQmbGWLNs3_p_Ta5kOw,봄왕-!,2020-04-25T06:59:36Z,0,0
424,대한이는 딱 첫째 같아요,UCIJpbsaCHvUZIBfgQlo43fw,라쿤,2019-11-10T08:42:41Z,0,0
425,대한이 진짜 동생들도 잘 챙기고 진짜 빨리 철 든것 같아요,UCfZF2kZTmrr9kUl_TPFSnzg,judy 666,2019-08-08T16:19:28Z,0,0
426,우유 저는 너무 생각나서 정주행 중입니당,UCc8gE-EGrobt5JwW8qVbkzQ,이현수,2019-08-06T10:03:57Z,0,0
427,만세가 뛰뛰를 진짜 좋아하는구나,UCmmdsKeyNwLel6cIxv4Wa6g,아리,2018-11-22T14:36:46Z,2,1
428,인정뛰뛰를못타서울면빤나나를줘야겟어요,UCkYZx6-p4PqZFWs9sjxnaGA,김시경,2020-06-22T01:19:37Z,1,1
429,요즘 삼둥이한테 빠졌는데곧 초딩되겠지,UCUf8L4yYs4WqEQGhY0fXJdA,링큐,2018-11-22T13:05:52Z,-1,-1
430,서영 너 초딩이지 이런 댓글 남기고 개념에 꽉 찬 사람이라고 생각하지말아줘,UCp7ZHizM1DeJMWETeaD2szQ,동해,2019-08-04T15:21:04Z,-1,-1
431,웰치스 와 시간 진짜 빠르다,UCI1GOxX5as4jMSox0SSNDcg,Sin Yeong Lee,2019-02-15T23:30:31Z,0,0
432,올해 입학이라고 들었어용,UCws0spwkh2yaGuS92eT5-Pw,웰치스,2019-01-23T17:04:06Z,0,0
433,초딩이라는 단어는 개념없는 초등학생이라는 뜻이에요 초등생 초등학생이라는 단어가 바른표어 입니다,UC7rJ3wVtFNCleSOYyb_79bw,서영_,2019-01-09T05:51:55Z,0,0
434,만세가 너무 찡찡데는거 같아서 만세가 찡찡댈때마다 인상찌푸리게된다,UCiX_S_qDs5JAP6mSxamymFw,린아̆̈인뎁?[무편집영상],2018-11-21T12:20:04Z,0,0
435,이런 사람들은 애 안키웠으면,UCoYoIozTY2wdc2i-x_QrYuQ,lala lala,2021-08-01T01:13:18Z,0,0
436,가우지 여기다 대고 공감누르는 것들 본인들은 애기때 세상 얌전하셨나보네요 원래 애기들이 땡깡이 심하고 저 나이 때 그러는 게 정상입니다 애기들한테 할말 못할말 가려서 하세요,UCvBOqQZKF5nN4AoZRJH1Z1A,여보새우,2019-10-18T17:10:55Z,2,1
437,애기들한테 참 못하는 말이없네 애기들이라 어쩔수 없어도 찡찡대는데 인상찌푸리게된다 말인지 방군지 진짜,UCvBOqQZKF5nN4AoZRJH1Z1A,여보새우,2019-10-18T17:08:28Z,0,0
438,애기라 어쩔수 없다지만 진짜 너무 땡깡부려서 저도 인상쓰게 되더라구요,UC-3uMFq9XXtyILL5_EQlJGw,가우지,2018-12-13T18:28:23Z,0,0
439,고생이 많으십니다 일국 배우님 너희 도 말잘들으렴 그리고 형제 파이팅,UCxXiwPa_FzbCg62A0Zw1TMw,91번 나님🍰🍕,2018-11-21T06:12:36Z,2,1
440,명이니까 힘드시죠 근디 명이 모여서있으느까 귀엽당,UC_cpT1GmKkPtD6H_PtbbPmA,박서진,2018-11-20T23:51:58Z,2,1
441,헐 삼둥이업로드 감사합니다 아직도 예전영상 보고있어요  시간이지나도 삼둥이는 레전드,UCIz4iyj0Qfgde55HU8R3z9w,수란,2018-11-20T15:54:01Z,6,1
442,다리봐봐 로우킥 맞으면 그냥 일 삘,UCkp80qXrKCJAnEoWcL5Ajmw,이제노눈웃음에끼여서죽고싶다,2018-11-19T12:59:26Z,0,0
443,삼둥이 사랑스러워,UCS7b68gj8eqUu4hI_UekLVQ,제로탁2,2018-11-19T08:02:25Z,3,1
444,만세  너무  세게  꺼내시는 것같아요,UC8G5O9g1LCg94n0n_XV2KHw,박자영,2018-11-17T14:01:29Z,0,0
445, 에 민국이 너무쎄게 잡아 끄내시는거 같아요,UCFSfTC9BvYJa2uuMt5D0OLA,중2,2018-11-17T12:22:01Z,0,0
446,슈돌에서 삼둥이가 젤귀여워 ,UCI5ro99sotIBBcvhiPyIneg,JoJo o,2018-11-17T12:20:49Z,2,1
447,민국이 귀여워,UCWRJRghtytKt2wa_KUL4ziA,김성미,2018-11-17T12:16:46Z,2,1
448,민국이 진짜귀엽다 애교부리는거 너무귀여워  ,UCBC1g4FNDqlWm5LJ6kV8-mw,알레르토아르민,2018-11-17T06:22:19Z,5,1
449,만새돼지,UCRSKvS1rvl1k5E0pMe1J7tg,하튜핑빛유나의 제페토세상,2018-11-17T01:40:31Z,0,0
450,중독자네 만세  바보,UCRSKvS1rvl1k5E0pMe1J7tg,하튜핑빛유나의 제페토세상,2018-11-17T01:38:10Z,0,0
451,에휴 ,UCXaU5iYDFo37FRSRlysnEgQ,뇌신,2019-03-25T00:04:28Z,0,0
452, 벼 신,UCufNgwGJG4eWsBG7PPDFWOQ,이광수,2019-02-25T10:19:51Z,0,0
453,전천,UCUd1CgcFNMyrvIoowc2UKWA,윤준호,2018-11-29T08:48:06Z,0,0
454,아빠 도 멋있고 삼둥이는 존귀,UCZUcfLX0i_cIxbS4nmRGqAg,구독안하면프사미래 니아들,2018-11-17T01:37:32Z,3,1
455,대한민국만세 군대편도 올려주세요  그것도 진짜 졸귀인데 ,UC9dafeWpry1QqiXeNR1L8Zg,J지수,2018-11-16T23:46:31Z,1,1
456,만세 대장맡고 울음참는거 짱귀,UCdr4YYvdH2L8rOpGpChgf8A,넘야한가,2019-03-18T12:42:44Z,-1,-1
457,인정 ,UC_0CTp2y0FxYd8ZXLmrIUDg,안녕,2018-11-30T16:42:54Z,1,1
458,차례대로 올라올거예요,UCa41rArEmXOQegs3wAAj1Aw,푸우,2018-11-26T13:34:53Z,0,0
459,와 부부끼리 존댓말 쓰는거 보고 대한 민국 만세가 배웠구나  잘자랐다 그렇게만 커줘,UCbp09PacEegkXJIROWqrN4A,반장_그만둠,2018-11-16T11:06:48Z,0,0
460,환이 아 여행이 아니라 프랑스에서 살던거예요,UCBRgnRygrjPs78XKVL-6eNA,인조이미,2021-07-29T11:26:08Z,0,0
461,환이 맞아요 프랑스 인종차별 심해요,UCJ8YVV0MqXrrfnnwyTGEHZQ,가도,2021-05-02T08:35:54Z,-2,-1
462,영상통화에서는 쪽에다가 평상시 통화에서는 항상 사랑해로 끝나는몇달 전에 끝난 내 연애가 기억난다,UCCKWeaWCLnXcfA5_T80gdrw,어릴적간식낑깡,2020-08-20T17:28:23Z,2,1
463,참나 네 사실입니다 인종차별로 인해 다시 한국으로 왔다하네요,UCRzf_6Ul7lOcTHANNpOUu5g,환이,2020-08-20T00:45:14Z,-3,-1
464,환이 헐 진짜요,UCw-KeAx3kjcBD6Tj-9lxGBw,참나,2020-08-19T14:32:18Z,0,0
465,슈돌에서삼둥이가제일귀여위요,UCknwSjUXTh86j376OBJUUsA,문동환,2018-11-16T10:52:52Z,1,1
466,대한민국만세귀여운,UCS0cXXL1KJIpxrJEBuXMR-w,문예린,2018-11-16T10:27:17Z,3,1
467,하 너무 귀엽다,UCmGFTFx__JgdO91xanEm82g,정소라,2018-11-16T00:47:18Z,2,1
468,슈돌에서 대민만이 제일 커엽고 웃겼는데 ,UCQoc_MJ-Q7K-POobxj7rlEw,ᄋᄋ,2018-11-15T22:24:26Z,2,1
474,네,UCa_CLL-pAg7Ws6JAwTTRsqQ,구구구구,2018-11-15T10:16:12Z,0,0
475,만세야  우는모습도 귀여워,UCZ8cTBkBH9Bkxv5DohbRi7w,꽃길모란,2019-01-02T11:11:18Z,3,1
